Nome do Produto,Preço
Projeto Homem,"R$ 90,00"
As Últimas Fronteiras da Clínica Ontopsicólogicas,"R$ 96,00"
Ontopsicologia e Memética,"R$ 60,00"
Projeto Líder,"R$ 90,00"
A Psicologia do Líder (Português),"R$ 72,00"
Ontopsicologia,"R$ 90,00"
Aprendiz Líder,"R$ 36,00"
Performance Líder 15 anos,"R$ 150,00"
IsoMaster,"R$ 90,00"
O Poder de Ser Pessoa,"R$ 96,00"
A Riqueza como Arte de Ser,"R$ 96,00"
Jovens e Realidade Cotidiana,"R$ 96,00"
Combo Pedagogia,"R$ 138,00"
Combo Direito e Sociedade,"R$ 210,00"
Combo Liderança,"R$ 264,00"
Combo Líder,"R$ 174,00"
Combo Filosofia,"R$ 228,00"
Combo Sonhos,"R$ 168,00"
Combo Liderança Feminina,"R$ 204,00"
Combo Falando aos Jovens,"R$ 162,00"
Imagem e Inconsciente,"R$ 90,00"
Ontopsicologia 50 anos,"R$ 90,00"
A Beleza como Valor para o Humano,"R$ 96,00"
Moleskine Pautado Branco,"R$ 30,00"
PROJETO HOMEM ED LUXO,"R$ 180,00"
A Arte de Viver dos Sábios,"R$ 30,00"
Cozinha Viva,"R$ 90,00"
Os Jovens e a Ética ôntica,"R$ 36,00"
Revista Performance Líder - 32º Edição,"R$ 12,00"
A Paideia Ôntica,"R$ 84,00"
Do Humanismo Histórico ao Humanismo Perene,"R$ 48,00"
"Feminilidade como Sexo, Poder e Graça","R$ 96,00"
Manual de Ontopsicologia,"R$ 96,00"
O Monitor de Deflexão,"R$ 90,00"
Seis mulheres e a Imaculada Conceição,"R$ 48,00"
Pedagogia Ontopsicológica,"R$ 36,00"
Psicologia Empresarial,"R$ 90,00"
Por que Sonhamos?,"R$ 18,00"
Cultura & Educação,"R$ 18,00"
Revista Performance Líder - 25ª EDIÇÃO,"R$ 12,00"
Ontopsicologia Ciência Interdisciplinar VI,"R$ 35,00"
Cultura & Educação,"R$ 18,00"
Revista Performance Líder - 25ª EDIÇÃO,"R$ 12,00"
Ontopsicologia Ciência Interdisciplinar IV,"R$ 35,00"
Em Si do Homem,"R$ 90,00"
Revista Performance Líder - 21ª Edição,"R$ 12,00"
Ontopsicologia Ciência Interdisciplinar V,"R$ 35,00"
Manual de Melolística,"R$ 72,00"
Revista Performance Líder - 26ª Edição,"R$ 12,00"
Combo Introdução,"R$ 180,00"
Genoma Ôntico,"R$ 72,00"
Visão Ôntica,"R$ 96,00"
"Direito, Consciência e Sociedade","R$ 42,00"
Dicionário de Ontopsicologia,"R$ 42,00"
Combo Introdução à Ontopsicologia,"R$ 174,00"
Filosofia Ontopsicológica,"R$ 72,00"
O Fundamento da Ciência,"R$ 30,00"
"Arte, Sonho e Sociedade","R$ 48,00"
Prontuário Onírico,"R$ 36,00"
Conhecimento Ontológico e Consciência,"R$ 72,00"
Performance Líder 29° Edição,"R$ 12,00"
Isomaster como empresário do ser,"R$ 90,00"
Criatividade e Sensibilidade Estética,"R$ 96,00"
Pessoa & Sociedade,"R$ 96,00"
Residence Ontopsicológico,"R$ 96,00"
Fisicidade e Ontologia,"R$ 48,00"
"Combo ""Por que Sonhamos?""","R$ 36,00"
Inteligência e Donnità,"R$ 60,00"
Cinelogia Ontopsicológica,"R$ 108,00"
A Psicossomática na Ótica Ontopsicológica,"R$ 72,00"
Nova Fronda Virescit I - Introdução à Ontopsicologia para jovens,"R$ 36,00"
Projeto Terra,"R$ 96,00"
Revista Performance Líder - 31ª Edição,"R$ 12,00"
Arquitetura Ontoarte no Brasil,"R$ 90,00"
Falando aos jovens I,"R$ 54,00"
Da Evolução da Inteligência ao Poder para Ser,"R$ 96,00"
ABO 30 Anos,"R$ 24,00"
A Imagem Alfabeto da Energia,"R$ 90,00"
Revista Performance Líder - 22º Edição,"R$ 12,00"
Ontopsicologia Ciência Interdisciplinar II,"R$ 35,00"
O Critério Ético do Humano,"R$ 60,00"
O Modo Maschio,"R$ 36,00"
Manual de Ontopsicologia Edição Luxo,"R$ 210,00"
Atos do Congresso Business Intuition,"R$ 90,00"
A Crise das Democracias Contemporâneas,"R$ 48,00"
Revista Performance Líder 23ª Edição,"R$ 12,00"
Revista Performance Líder - 10 ANOS,"R$ 72,00"
Da Consciência ao Ser,"R$ 90,00"
Ontologia da Percepção,"R$ 42,00"
Falando aos jovens II,"R$ 54,00"
OntoArte: o Em Si da Arte,"R$ 96,00"
Falando aos jovens III,"R$ 90,00"
Psicotea,"R$ 54,00"
Nova Fronda Virescit 2 - Introdução à psicoterapia ontopsicológica: Instrumentos e aplicações,"R$ 36,00"
Racionalidade Ontológica,"R$ 48,00"
"Feminilidade como Sexo, Poder e Graça Edição Luxo","R$ 210,00"
Ontopsicologia Clínica,"R$ 90,00"
Nova Fronda Virescit 3 - Em busca da alma,"R$ 36,00"
Filosofia Pura,"R$ 36,00"
Sistema & Personalidade,"R$ 60,00"
